drivergroupname,,,
12991 CREWS,,,
12991 Project Delivery,,,
13770 CREW,,,
13770 Reactive BUM,,,
13770 Reactive Managers,,,
13770 Reactive Ops,,,
13770 Reactive Team,,,
13771 BU Manager,,,
13771 CREW,,,
13771 Maintenance Services,,,
13771 Technical Services,,,
13772 BU Manager,,,
13772 CREWS,,,
13772 Customer Services,,,
13772 Field Vehicles,,,
13773 CREW,,,
13773 Field Vehicles,,,
13773 Street Lights,,,
13773 Streetlights select vehicles,,,
13774 BU Manager,,,
13774 Contract Manager,,,
13774 CREW,,,
13774 Snr Contract Manager,,,
13774 TR RENTAL,,,
13775 Business Support,,,
13775 Stores,,,
13777 - Projects,,,
13778 Vector Gas Connections,,,
13778 - FIMP,,,
13779 - Gas Reactive,,,
13779 Vector Gas Maintenance,,,
13781 Gas Support,,,
13782 Infrastructure Facilities North,,,
13783 City Rail Link,,,
13784 Infrastructure support,,,
13785 Power Services,,,
13786 Benmore,,,
13786 Cromwell,,,
13786 Dunedin,,,
13786 Field Vehicles,,,
13786 Invercargill,,,
13786 Metering,,,
13786 Power Services Southern,,,
13787 Facilities & Transport,,,
"13787 Power, Facilities & Transport",,,
13788 Distribution Central,,,
13789 Transmission Northern Structure,,,
13790 Transmission Central,,,
13791 Transmission Southern,,,
13791 Transmission Southern - Management,,,
13793 Business Support,,,
14597 BU Infrastructure Building Solutions,,,
14597 Infrastructure Building Solutions,,,
14665 Industrial Services,,,
14859 Field Staff,,,
14860 Planned Works Wellington,,,
,,,
,,,
,,,
,,,
,,,
,,,
,,,
,,,
,,,
,,,
,,,
,,,
,,,
,,,
,,,
,,,14861 Wellington Support
